<?xml version="1.0" encoding="UTF-8"?>
<metadata xml:lang="en"><Esri><CreaDate>20191013</CreaDate><CreaTime>14403100</CreaTime><ArcGISFormat>1.0</ArcGISFormat><SyncOnce>FALSE</SyncOnce><DataProperties><itemProps><itemName Sync="TRUE">settle_1k_12_10_Merge</itemName><imsContentType Sync="TRUE">002</imsContentType><itemLocation><linkage Sync="TRUE">file://\\DESKTOP-MHQKS36\E$\SPAD\4.Fourth_Year\07Seventh_Semester\Studio\Demography_and_settlement\maps\demogorgon.gdb</linkage><protocol Sync="TRUE">Local Area Network</protocol></itemLocation></itemProps><coordRef><type Sync="TRUE">Geographic</type><geogcsn Sync="TRUE">GCS_WGS_1984</geogcsn><csUnits Sync="TRUE">Angular Unit: Degree (0.017453)</csUnits><peXml Sync="TRUE">&lt;GeographicCoordinateSystem xsi:type='typens:GeographicCoordinateSystem' xmlns:xsi='http://www.w3.org/2001/XMLSchema-instance' xmlns:xs='http://www.w3.org/2001/XMLSchema' xmlns:typens='http://www.esri.com/schemas/ArcGIS/10.7'&gt;&lt;WKT&gt;GEOGCS[&amp;quot;GCS_WGS_1984&amp;quot;,DATUM[&amp;quot;D_WGS_1984&amp;quot;,SPHEROID[&amp;quot;WGS_1984&amp;quot;,6378137.0,298.257223563]],PRIMEM[&amp;quot;Greenwich&amp;quot;,0.0],UNIT[&amp;quot;Degree&amp;quot;,0.0174532925199433]],VERTCS[&amp;quot;EGM96_Geoid&amp;quot;,VDATUM[&amp;quot;EGM96_Geoid&amp;quot;],PARAMETER[&amp;quot;Vertical_Shift&amp;quot;,0.0],PARAMETER[&amp;quot;Direction&amp;quot;,1.0],UNIT[&amp;quot;Meter&amp;quot;,1.0]]&lt;/WKT&gt;&lt;XOrigin&gt;-400&lt;/XOrigin&gt;&lt;YOrigin&gt;-400&lt;/YOrigin&gt;&lt;XYScale&gt;999999999.99999988&lt;/XYScale&gt;&lt;ZOrigin&gt;-100000&lt;/ZOrigin&gt;&lt;ZScale&gt;10000&lt;/ZScale&gt;&lt;MOrigin&gt;-100000&lt;/MOrigin&gt;&lt;MScale&gt;10000&lt;/MScale&gt;&lt;XYTolerance&gt;8.983152841195215e-09&lt;/XYTolerance&gt;&lt;ZTolerance&gt;0.001&lt;/ZTolerance&gt;&lt;MTolerance&gt;0.001&lt;/MTolerance&gt;&lt;HighPrecision&gt;true&lt;/HighPrecision&gt;&lt;LeftLongitude&gt;-180&lt;/LeftLongitude&gt;&lt;WKID&gt;4326&lt;/WKID&gt;&lt;LatestWKID&gt;4326&lt;/LatestWKID&gt;&lt;VCSWKID&gt;5773&lt;/VCSWKID&gt;&lt;LatestVCSWKID&gt;5773&lt;/LatestVCSWKID&gt;&lt;/GeographicCoordinateSystem&gt;</peXml></coordRef><lineage><Process ToolSource="d:\sw\esri\arcgis\desktop10.7\ArcToolbox\Toolboxes\Data Management Tools.tbx\Merge" Date="20191012" Time="201952">Merge settle_2000;E:\SPAD\4.Fourth_Year\07Seventh_Semester\Studio\Demography_and_settlement\maps\demogorgon.gdb\settle_1000 E:\SPAD\4.Fourth_Year\07Seventh_Semester\Studio\Demography_and_settlement\maps\demogorgon.gdb\settle_1k_12_10 "Name "Name" true true false 320 Text 0 0 ,First,#,E:\SPAD\4.Fourth_Year\07Seventh_Semester\Studio\Demography_and_settlement\maps\demogorgon.gdb\settle_1000,Name,-1,-1,settle_2000,Name,-1,-1;FolderPath "FolderPath" true true false 320 Text 0 0 ,First,#,E:\SPAD\4.Fourth_Year\07Seventh_Semester\Studio\Demography_and_settlement\maps\demogorgon.gdb\settle_1000,FolderPath,-1,-1;population "population" true true false 2 Short 0 0 ,First,#,E:\SPAD\4.Fourth_Year\07Seventh_Semester\Studio\Demography_and_settlement\maps\demogorgon.gdb\settle_1000,population,-1,-1;Name_ "Name_" true true false 50 Text 0 0 ,First,#,E:\SPAD\4.Fourth_Year\07Seventh_Semester\Studio\Demography_and_settlement\maps\demogorgon.gdb\settle_1000,Name_,-1,-1;scalo_rank "scalo_rank" true true false 4 Float 0 0 ,First,#,settle_2000,scalo_rank,-1,-1;scalo_class "scalo_class" true true false 2 Short 0 0 ,First,#,settle_2000,scalo_class,-1,-1;Field2 "Field2" true true false 4 Long 0 0 ,First,#,settle_2000,Field2,-1,-1"</Process><Process ToolSource="d:\sw\esri\arcgis\desktop10.7\ArcToolbox\Toolboxes\Data Management Tools.tbx\CalculateField" Date="20191012" Time="202204">CalculateField settle_1k_12_10 Pop_Final "!Field2! + !population!" PYTHON_9.3 #</Process><Process ToolSource="d:\sw\esri\arcgis\desktop10.7\ArcToolbox\Toolboxes\Data Management Tools.tbx\CalculateField" Date="20191012" Time="202413">CalculateField settle_1k_12_10 Pop_Final "if ( !population! == NULL):
    return !Field2!
else:
    return !population!" PYTHON_9.3 #</Process><Process ToolSource="d:\sw\esri\arcgis\desktop10.7\ArcToolbox\Toolboxes\Data Management Tools.tbx\CalculateField" Date="20191012" Time="202504">CalculateField settle_1k_12_10 Pop_Final !Field2! PYTHON_9.3 #</Process><Process ToolSource="d:\sw\esri\arcgis\desktop10.7\ArcToolbox\Toolboxes\Data Management Tools.tbx\CalculateField" Date="20191012" Time="202553">CalculateField settle_1k_12_10 Name_ !Name!.rstrip(", Meghalaya") PYTHON_9.3 #</Process><Process ToolSource="d:\sw\esri\arcgis\desktop10.7\ArcToolbox\Toolboxes\Data Management Tools.tbx\Merge" Date="20191013" Time="143343">Merge settle_1k_12_10;settlement_shashank\Points E:\SPAD\4.Fourth_Year\07Seventh_Semester\Studio\Demography_and_settlement\maps\demogorgon.gdb\settle_1k_12_10_Merge "Name "Name" true true false 320 Text 0 0 ,First,#,settle_1k_12_10,Name,-1,-1,settlement_shashank\Points,Name,-1,-1;FolderPath "FolderPath" true true false 320 Text 0 0 ,First,#,settle_1k_12_10,FolderPath,-1,-1,settlement_shashank\Points,FolderPath,-1,-1;population "population" true true false 2 Short 0 0 ,First,#,settle_1k_12_10,population,-1,-1;Name_ "Name_" true true false 50 Text 0 0 ,First,#,settle_1k_12_10,Name_,-1,-1;scalo_class "scalo_class" true true false 2 Short 0 0 ,First,#,settle_1k_12_10,scalo_class,-1,-1;Field2 "Field2" true true false 4 Long 0 0 ,First,#,settle_1k_12_10,Field2,-1,-1;Pop_Final "Pop_Final" true true false 4 Long 0 0 ,First,#,settle_1k_12_10,Pop_Final,-1,-1;SymbolID "SymbolID" true true false 4 Long 0 0 ,First,#,settlement_shashank\Points,SymbolID,-1,-1;AltMode "AltMode" true true false 2 Short 0 0 ,First,#,settlement_shashank\Points,AltMode,-1,-1;Base "Base" true true false 8 Double 0 0 ,First,#,settlement_shashank\Points,Base,-1,-1;Snippet "Snippet" true true false 268435455 Text 0 0 ,First,#,settlement_shashank\Points,Snippet,-1,-1;PopupInfo "PopupInfo" true true false 268435455 Text 0 0 ,First,#,settlement_shashank\Points,PopupInfo,-1,-1;HasLabel "HasLabel" true true false 2 Short 0 0 ,First,#,settlement_shashank\Points,HasLabel,-1,-1;LabelID "LabelID" true true false 4 Long 0 0 ,First,#,settlement_shashank\Points,LabelID,-1,-1"</Process><Process ToolSource="d:\sw\esri\arcgis\desktop10.7\ArcToolbox\Toolboxes\Data Management Tools.tbx\CalculateField" Date="20191013" Time="143740">CalculateField settle_1k_12_10_Merge Name_ !Name!.rstrip(", Meghalaya").rstrip() PYTHON_9.3 #</Process></lineage></DataProperties><SyncDate>20191013</SyncDate><SyncTime>14334300</SyncTime><ModDate>20191013</ModDate><ModTime>14334300</ModTime></Esri><dataIdInfo><envirDesc Sync="TRUE"> Version 6.2 (Build 9200) ; Esri ArcGIS 10.7.1.11595</envirDesc><dataLang><languageCode value="eng" Sync="TRUE"></languageCode><countryCode value="IND" Sync="TRUE"></countryCode></dataLang><idCitation><resTitle Sync="TRUE">settle_1k_12_10_Merge</resTitle><presForm><PresFormCd value="005" Sync="TRUE"></PresFormCd></presForm></idCitation><spatRpType><SpatRepTypCd value="001" Sync="TRUE"></SpatRepTypCd></spatRpType></dataIdInfo><mdLang><languageCode value="eng" Sync="TRUE"></languageCode><countryCode value="IND" Sync="TRUE"></countryCode></mdLang><distInfo><distFormat><formatName Sync="TRUE">File Geodatabase Feature Class</formatName></distFormat></distInfo><mdHrLv><ScopeCd value="005" Sync="TRUE"></ScopeCd></mdHrLv><mdHrLvName Sync="TRUE">dataset</mdHrLvName><refSysInfo><RefSystem><refSysID><identCode code="4326" Sync="TRUE"></identCode><idCodeSpace Sync="TRUE">EPSG</idCodeSpace><idVersion Sync="TRUE">6.14(3.0.1)</idVersion></refSysID></RefSystem></refSysInfo><spatRepInfo><VectSpatRep><geometObjs Name="settle_1k_12_10_Merge"><geoObjTyp><GeoObjTypCd value="004" Sync="TRUE"></GeoObjTypCd></geoObjTyp><geoObjCnt Sync="TRUE">0</geoObjCnt></geometObjs><topLvl><TopoLevCd value="001" Sync="TRUE"></TopoLevCd></topLvl></VectSpatRep></spatRepInfo><spdoinfo><ptvctinf><esriterm Name="settle_1k_12_10_Merge"><efeatyp Sync="TRUE">Simple</efeatyp><efeageom code="1" Sync="TRUE"></efeageom><esritopo Sync="TRUE">FALSE</esritopo><efeacnt Sync="TRUE">0</efeacnt><spindex Sync="TRUE">TRUE</spindex><linrefer Sync="TRUE">FALSE</linrefer></esriterm></ptvctinf></spdoinfo><eainfo><detailed Name="settle_1k_12_10_Merge"><enttyp><enttypl Sync="TRUE">settle_1k_12_10_Merge</enttypl><enttypt Sync="TRUE">Feature Class</enttypt><enttypc Sync="TRUE">0</enttypc></enttyp><attr><attrlabl Sync="TRUE">OBJECTID</attrlabl><attalias Sync="TRUE">OBJECTID</attalias><attrtype Sync="TRUE">OID</attrtype><attwidth Sync="TRUE">4</attwidth><atprecis Sync="TRUE">0</atprecis><attscale Sync="TRUE">0</attscale><attrdef Sync="TRUE">Internal feature number.</attrdef><attrdefs Sync="TRUE">Esri</attrdefs><attrdomv><udom Sync="TRUE">Sequential unique whole numbers that are automatically generated.</udom></attrdomv></attr><attr><attrlabl Sync="TRUE">Shape</attrlabl><attalias Sync="TRUE">Shape</attalias><attrtype Sync="TRUE">Geometry</attrtype><attwidth Sync="TRUE">0</attwidth><atprecis Sync="TRUE">0</atprecis><attscale Sync="TRUE">0</attscale><attrdef Sync="TRUE">Feature geometry.</attrdef><attrdefs Sync="TRUE">Esri</attrdefs><attrdomv><udom Sync="TRUE">Coordinates defining the features.</udom></attrdomv></attr><attr><attrlabl Sync="TRUE">Name</attrlabl><attalias Sync="TRUE">Name</attalias><attrtype Sync="TRUE">String</attrtype><attwidth Sync="TRUE">320</attwidth><atprecis Sync="TRUE">0</atprecis><attscale Sync="TRUE">0</attscale></attr><attr><attrlabl Sync="TRUE">FolderPath</attrlabl><attalias Sync="TRUE">FolderPath</attalias><attrtype Sync="TRUE">String</attrtype><attwidth Sync="TRUE">320</attwidth><atprecis Sync="TRUE">0</atprecis><attscale Sync="TRUE">0</attscale></attr><attr><attrlabl Sync="TRUE">population</attrlabl><attalias Sync="TRUE">population</attalias><attrtype Sync="TRUE">SmallInteger</attrtype><attwidth Sync="TRUE">2</attwidth><atprecis Sync="TRUE">0</atprecis><attscale Sync="TRUE">0</attscale></attr><attr><attrlabl Sync="TRUE">Name_</attrlabl><attalias Sync="TRUE">Name_</attalias><attrtype Sync="TRUE">String</attrtype><attwidth Sync="TRUE">50</attwidth><atprecis Sync="TRUE">0</atprecis><attscale Sync="TRUE">0</attscale></attr><attr><attrlabl Sync="TRUE">scalo_class</attrlabl><attalias Sync="TRUE">scalo_class</attalias><attrtype Sync="TRUE">SmallInteger</attrtype><attwidth Sync="TRUE">2</attwidth><atprecis Sync="TRUE">0</atprecis><attscale Sync="TRUE">0</attscale></attr><attr><attrlabl Sync="TRUE">Field2</attrlabl><attalias Sync="TRUE">Field2</attalias><attrtype Sync="TRUE">Integer</attrtype><attwidth Sync="TRUE">4</attwidth><atprecis Sync="TRUE">0</atprecis><attscale Sync="TRUE">0</attscale></attr><attr><attrlabl Sync="TRUE">Pop_Final</attrlabl><attalias Sync="TRUE">Pop_Final</attalias><attrtype Sync="TRUE">Integer</attrtype><attwidth Sync="TRUE">4</attwidth><atprecis Sync="TRUE">0</atprecis><attscale Sync="TRUE">0</attscale></attr><attr><attrlabl Sync="TRUE">SymbolID</attrlabl><attalias Sync="TRUE">SymbolID</attalias><attrtype Sync="TRUE">Integer</attrtype><attwidth Sync="TRUE">4</attwidth><atprecis Sync="TRUE">0</atprecis><attscale Sync="TRUE">0</attscale></attr><attr><attrlabl Sync="TRUE">AltMode</attrlabl><attalias Sync="TRUE">AltMode</attalias><attrtype Sync="TRUE">SmallInteger</attrtype><attwidth Sync="TRUE">2</attwidth><atprecis Sync="TRUE">0</atprecis><attscale Sync="TRUE">0</attscale></attr><attr><attrlabl Sync="TRUE">Base</attrlabl><attalias Sync="TRUE">Base</attalias><attrtype Sync="TRUE">Double</attrtype><attwidth Sync="TRUE">8</attwidth><atprecis Sync="TRUE">0</atprecis><attscale Sync="TRUE">0</attscale></attr><attr><attrlabl Sync="TRUE">Snippet</attrlabl><attalias Sync="TRUE">Snippet</attalias><attrtype Sync="TRUE">String</attrtype><attwidth Sync="TRUE">268435455</attwidth><atprecis Sync="TRUE">0</atprecis><attscale Sync="TRUE">0</attscale></attr><attr><attrlabl Sync="TRUE">PopupInfo</attrlabl><attalias Sync="TRUE">PopupInfo</attalias><attrtype Sync="TRUE">String</attrtype><attwidth Sync="TRUE">268435455</attwidth><atprecis Sync="TRUE">0</atprecis><attscale Sync="TRUE">0</attscale></attr><attr><attrlabl Sync="TRUE">HasLabel</attrlabl><attalias Sync="TRUE">HasLabel</attalias><attrtype Sync="TRUE">SmallInteger</attrtype><attwidth Sync="TRUE">2</attwidth><atprecis Sync="TRUE">0</atprecis><attscale Sync="TRUE">0</attscale></attr><attr><attrlabl Sync="TRUE">LabelID</attrlabl><attalias Sync="TRUE">LabelID</attalias><attrtype Sync="TRUE">Integer</attrtype><attwidth Sync="TRUE">4</attwidth><atprecis Sync="TRUE">0</atprecis><attscale Sync="TRUE">0</attscale></attr></detailed></eainfo><mdDateSt Sync="TRUE">20191013</mdDateSt></metadata>
