<?xml version="1.0" encoding="UTF-8"?>
<metadata xml:lang="en"><Esri><CreaDate>20190816</CreaDate><CreaTime>12382500</CreaTime><ArcGISFormat>1.0</ArcGISFormat><SyncOnce>TRUE</SyncOnce><DataProperties><lineage><Process ToolSource="d:\sw\esri\arcgis\desktop10.7\ArcToolbox\Toolboxes\Data Management Tools.tbx\DeleteField" Date="20190816" Time="123716">DeleteField EKH_01_megajoin TID;C_CODE01;UID;UID_1;CENSUS_CODE_01;EKHurb01_csv_Field1;NAME_u_01;No_HH_u_01;TOT_P_u_01;TOT_M_u_01;TOT_F_u_01;EKHtot01_csv_Field1;SUB_DISTT_t_01;NAME_t_01;No_HH_t_01;TOT_P_t_01;TOT_M_t_01;TOT_F_t_01;Field1;SUB_DISTT_r_01;NAME_r_01;No_HH_r_01;TOT_P_r_01;TOT_M_r_01;TOT_F_r_01;EKHtot01_1_csv_Field1;SUB_DISTT_t_012;NAME_t_012;TRU_t_01;EKHrur01_1_csv_Field1;SUB_DISTT_r_012;NAME_r_012;TRU_r_01;Field1_1;SUB_DISTT_u_01;NAME_u_012;TRU_u_01</Process></lineage></DataProperties></Esri></metadata>
