<?xml version="1.0" encoding="UTF-8"?>
<metadata xml:lang="en"><Esri><CreaDate>20190816</CreaDate><CreaTime>12401300</CreaTime><ArcGISFormat>1.0</ArcGISFormat><SyncOnce>TRUE</SyncOnce><DataProperties><lineage><Process ToolSource="d:\sw\esri\arcgis\desktop10.7\ArcToolbox\Toolboxes\Data Management Tools.tbx\DeleteField" Date="20190816" Time="123128">DeleteField ekh_11_megajoin LEVEL;Subdistt_t_11;Field1_1;Subdistt_t_11_12;Name_t_11_12;class_t_11;class_u_11;class_r_11;No_HH;TOT_P;TOT_M;TOT_F;P_06;M_06;F_06;P_SC;M_SC;F_SC;P_ST;M_ST;F_ST;P_LIT;M_LIT;F_LIT;P_ILL;M_ILL;F_ILL;TOT_WORK_P;TOT_WORK_M;TOT_WORK_F;MAINWORK_P;MAINWORK_M;MAINWORK_F;MAIN_CL_P;MAIN_CL_M;MAIN_CL_F;MAIN_AL_P;MAIN_AL_M;MAIN_AL_F;MAIN_HH_P;MAIN_HH_M;MAIN_HH_F;MAIN_OT_P;MAIN_OT_M;MAIN_OT_F;MARGWORK_P;MARGWORK_M;MARGWORK_F;MARG_CL_P;MARG_CL_M;MARG_CL_F;MARG_AL_P;MARG_AL_M;MARG_AL_F;MARG_HH_P;MARG_HH_M;MARG_HH_F;MARG_OT_P;MARG_OT_M;MARG_OT_F;NON_WORK_P</Process></lineage></DataProperties></Esri></metadata>
